{
    "model": "gpt-4o-mini",
    "prompt_variant": "zero-shot",
    "embedding_model": "all-MiniLM-L6-v2",
    "scores": {
        "original_vs_iter1": 0.7240698337554932,
        "original_vs_iter2": 0.6194120645523071,
        "iter1_vs_iter2": 0.8500699400901794
    },
    "counts": {
        "original": 98,
        "iter1": 10,
        "iter2": 8
    }
}