{
    "model": "llama",
    "prompt_variant": "zero-shot",
    "embedding_model": "all-MiniLM-L6-v2",
    "scores": {
        "original_vs_iter1": 0.8705222606658936,
        "original_vs_iter2": 0.7225862145423889,
        "iter1_vs_iter2": 0.8278729915618896
    },
    "counts": {
        "original": 98,
        "iter1": 14,
        "iter2": 13
    }
}