{
    "model": "gpt-4o-mini",
    "prompt_variant": "zero-shot",
    "embedding_model": "all-MiniLM-L6-v2",
    "scores": {
        "original_vs_iter1": 0.6373647451400757,
        "original_vs_iter2": 0.5261045694351196,
        "iter1_vs_iter2": 0.774074137210846
    },
    "counts": {
        "original": 98,
        "iter1": 10,
        "iter2": 12
    }
}