{
    "model": "llama",
    "prompt_variant": "zero-shot",
    "embedding_model": "all-MiniLM-L6-v2",
    "scores": {
        "original_vs_iter1": 0.6965135335922241,
        "original_vs_iter2": 0.5528926253318787,
        "iter1_vs_iter2": 0.8435245156288147
    },
    "counts": {
        "original": 98,
        "iter1": 11,
        "iter2": 5
    }
}