{
    "model": "qwen/qwen3-coder-30b-a3b-instruct",
    "total_runs": 20,
    "statistics": {
        "LLM Confidence": {
            "total_tokens": {
                "min": 2040,
                "max": 5437,
                "mean": 3321.45,
                "median": 3060.5,
                "stdev": 869.8815693741545,
                "range": 3397
            },
            "avg_prob": {
                "min": 0.6098554712476985,
                "max": 0.8912135054990519,
                "mean": 0.7321662405108207,
                "median": 0.7221236275683376,
                "stdev": 0.06082317989323931,
                "range": 0.2813580342513534
            },
            "perplexity": {
                "min": 1.1220655811763434,
                "max": 1.6397327680837364,
                "mean": 1.3745842230726508,
                "median": 1.3848289712530049,
                "stdev": 0.11214866843330244,
                "range": 0.517667186907393
            },
            "total_logprob": {
                "min": -1959.3408643478497,
                "max": -626.1861169073449,
                "mean": -1028.1547671397168,
                "median": -910.7817988981813,
                "stdev": 370.34243233186226,
                "range": 1333.1547474405047
            }
        },
        "Code Structure": {
            "token_count": {
                "min": 2040,
                "max": 5437,
                "mean": 3321.45,
                "median": 3060.5,
                "stdev": 869.8815693741545,
                "range": 3397
            },
            "function_count": {
                "min": 0,
                "max": 90,
                "mean": 39.7,
                "median": 28.5,
                "stdev": 24.242416068579164,
                "range": 90
            },
            "class_count": {
                "min": 0,
                "max": 19,
                "mean": 9,
                "median": 9.0,
                "stdev": 5.496410311811653,
                "range": 19
            },
            "num_lines": {
                "min": 250,
                "max": 651,
                "mean": 409.05,
                "median": 399.5,
                "stdev": 109.64942940308012,
                "range": 401
            },
            "num_nonempty_lines": {
                "min": 207,
                "max": 573,
                "mean": 341.9,
                "median": 334.0,
                "stdev": 95.41703478056625,
                "range": 366
            },
            "avg_line_len_nonempty_chars": {
                "min": 36.88285714285714,
                "max": 56.11864406779661,
                "mean": 44.72703439749631,
                "median": 45.23848625284593,
                "stdev": 4.300542870558265,
                "range": 19.235786924939468
            },
            "avg_tokens_per_nonempty_line": {
                "min": 3.1742857142857144,
                "max": 5.141447368421052,
                "mean": 3.9037070688770714,
                "median": 3.6727452056419914,
                "stdev": 0.6160232648151514,
                "range": 1.9671616541353378
            },
            "ast_depth": {
                "min": 0,
                "max": 14,
                "mean": 11.65,
                "median": 12.0,
                "stdev": 2.942877217246665,
                "range": 14
            }
        },
        "Imports & Dependencies": {
            "import_count": {
                "min": 0,
                "max": 7,
                "mean": 4.2,
                "median": 4.0,
                "stdev": 1.6091841672756186,
                "range": 7
            },
            "import_redundancy_ratio": {
                "min": 0.0,
                "max": 0.2857142857142857,
                "mean": 0.014285714285714285,
                "median": 0.0,
                "stdev": 0.06388765649999399,
                "range": 0.2857142857142857
            }
        },
        "Code Complexity": {
            "avg_function_size_lines": {
                "min": 0.0,
                "max": 20.916666666666668,
                "mean": 8.58664344162656,
                "median": 8.192272727272726,
                "stdev": 4.41410613932773,
                "range": 20.916666666666668
            },
            "avg_cyclomatic_complexity": {
                "min": 0.0,
                "max": 3.1538461538461537,
                "mean": 1.7683668747245964,
                "median": 1.7000000000000002,
                "stdev": 0.7020435338830912,
                "range": 3.1538461538461537
            },
            "max_cyclomatic_complexity": {
                "min": 0.0,
                "max": 8,
                "mean": 4.5,
                "median": 4.0,
                "stdev": 1.9867985355975657,
                "range": 8.0
            },
            "module_cyclomatic_complexity": {
                "min": 0.0,
                "max": 139,
                "mean": 74.4,
                "median": 74.0,
                "stdev": 34.05320913851702,
                "range": 139.0
            }
        },
        "Code Quality": {
            "comment_density_percent": {
                "min": 0.3676470588235294,
                "max": 20.723684210526315,
                "mean": 7.818573955631929,
                "median": 6.489642396002919,
                "stdev": 4.7823805202999,
                "range": 20.356037151702786
            },
            "syntax_valid": {
                "min": 0.0,
                "max": 1.0,
                "mean": 0.95,
                "median": 1.0,
                "stdev": 0.22360679774997896,
                "range": 1.0
            },
            "flake8_error_count": {
                "min": 1,
                "max": 104,
                "mean": 47.15,
                "median": 47.0,
                "stdev": 28.64717309466659,
                "range": 103
            },
            "mypy_error_count": {
                "min": 0,
                "max": 17,
                "mean": 1.95,
                "median": 1.0,
                "stdev": 3.7623480910057667,
                "range": 17
            },
            "semantic_quality_score": {
                "min": 48.5,
                "max": 96.5,
                "mean": 79.725,
                "median": 80.0,
                "stdev": 10.28984553103843,
                "range": 48.0
            }
        },
        "Execution": {
            "execution_success": {
                "min": 0.0,
                "max": 1.0,
                "mean": 0.9,
                "median": 1.0,
                "stdev": 0.30779350562554625,
                "range": 1.0
            },
            "execution_time_sec": {
                "min": 0.8,
                "max": 2.556,
                "mean": 1.6377,
                "median": 1.6625,
                "stdev": 0.3264830293002266,
                "range": 1.756
            }
        },
        "Overall": {
            "total_credibility": {
                "min": 0.0,
                "max": 85.834,
                "mean": 68.26595,
                "median": 72.1455,
                "stdev": 19.064407634937222,
                "range": 85.834
            }
        }
    },
    "best_run": {
        "run_number": 9,
        "credibility": 85.834,
        "timestamp": "2025-10-11 11:11:39",
        "quality_score": 96.5,
        "syntax_valid": true,
        "execution_success": true
    },
    "worst_run": {
        "run_number": 17,
        "credibility": 0.0,
        "timestamp": "2025-10-12 13:11:29",
        "quality_score": 48.5,
        "syntax_valid": false,
        "execution_success": false
    },
    "outliers": [
        {
            "run": 1,