{
    "model": "deepseek",
    "prompt_variant": "zero-shot",
    "embedding_model": "all-MiniLM-L6-v2",
    "scores": {
        "original_vs_iter1": 0.8185293674468994,
        "original_vs_iter2": 0.7459299564361572,
        "iter1_vs_iter2": 0.9233906269073486
    },
    "counts": {
        "original": 98,
        "iter1": 16,
        "iter2": 16
    }
}