{
    "model": "deepseek",
    "prompt_variant": "zero-shot",
    "embedding_model": "all-MiniLM-L6-v2",
    "scores": {
        "original_vs_iter1": 0.8149991035461426,
        "original_vs_iter2": 0.8251639604568481,
        "iter1_vs_iter2": 0.9482289552688599
    },
    "counts": {
        "original": 98,
        "iter1": 16,
        "iter2": 16
    }
}