{
    "model": "deepseek/deepseek-chat-v3-0324",
    "total_runs": 20,
    "statistics": {
        "LLM Confidence": {
            "total_tokens": {
                "min": 1210,
                "max": 3982,
                "mean": 2125.35,
                "median": 2052.5,
                "stdev": 704.4371605458465,
                "range": 2772
            },
            "avg_prob": {
                "min": 0.8188834300686183,
                "max": 0.8847669669505669,
                "mean": 0.8559939024755454,
                "median": 0.8558140605758287,
                "stdev": 0.018438767894313382,
                "range": 0.06588353688194859
            },
            "perplexity": {
                "min": 1.1302411113364625,
                "max": 1.221175033320927,
                "mean": 1.1687491792760802,
                "median": 1.1684787697963483,
                "stdev": 0.025249523552212348,
                "range": 0.09093392198446448
            },
            "total_logprob": {
                "min": -572.2371006494338,
                "max": -195.66372697872333,
                "mean": -326.07234689241403,
                "median": -308.0488798055144,
                "stdev": 98.9870957732778,
                "range": 376.5733736707105
            }
        },
        "Code Structure": {
            "token_count": {
                "min": 1210,
                "max": 3982,
                "mean": 2125.35,
                "median": 2052.5,
                "stdev": 704.4371605458465,
                "range": 2772
            },
            "function_count": {
                "min": 0,
                "max": 63,
                "mean": 26.5,
                "median": 23.5,
                "stdev": 12.219484010124331,
                "range": 63
            },
            "class_count": {
                "min": 0,
                "max": 51,
                "mean": 14.45,
                "median": 13.5,
                "stdev": 12.42016611466165,
                "range": 51
            },
            "num_lines": {
                "min": 129,
                "max": 473,
                "mean": 262.3,
                "median": 241.0,
                "stdev": 92.08011385973116,
                "range": 344
            },
            "num_nonempty_lines": {
                "min": 110,
                "max": 416,
                "mean": 223.15,
                "median": 201.5,
                "stdev": 82.70764936302987,
                "range": 306
            },
            "avg_line_len_nonempty_chars": {
                "min": 35.06432748538012,
                "max": 51.154545454545456,
                "mean": 41.15887633105768,
                "median": 41.040463759213765,
                "stdev": 3.311050426760808,
                "range": 16.090217969165337
            },
            "avg_tokens_per_nonempty_line": {
                "min": 3.1660899653979238,
                "max": 4.840236686390533,
                "mean": 3.8982004031901343,
                "median": 3.744119119119119,
                "stdev": 0.4131429770301635,
                "range": 1.674146720992609
            },
            "ast_depth": {
                "min": 0,
                "max": 14,
                "mean": 11.6,
                "median": 12.0,
                "stdev": 2.962928849706157,
                "range": 14
            }
        },
        "Imports & Dependencies": {
            "import_count": {
                "min": 0,
                "max": 12,
                "mean": 5.4,
                "median": 4.0,
                "stdev": 3.97889167323872,
                "range": 12
            },
            "import_redundancy_ratio": {
                "min": 0.0,
                "max": 0.375,
                "mean": 0.08166666666666667,
                "median": 0.0,
                "stdev": 0.12820738864404024,
                "range": 0.375
            }
        },
        "Code Complexity": {
            "avg_function_size_lines": {
                "min": 0.0,
                "max": 16.45,
                "mean": 6.573002221927558,
                "median": 5.46068796068796,
                "stdev": 3.630214158879448,
                "range": 16.45
            },
            "avg_cyclomatic_complexity": {
                "min": 0.0,
                "max": 2.85,
                "mean": 1.8987969312760888,
                "median": 1.9361702127659575,
                "stdev": 0.5711515227878475,
                "range": 2.85
            },
            "max_cyclomatic_complexity": {
                "min": 0.0,
                "max": 9,
                "mean": 4.5,
                "median": 4.0,
                "stdev": 2.090076805438398,
                "range": 9.0
            },
            "module_cyclomatic_complexity": {
                "min": 0.0,
                "max": 179,
                "mean": 76.75,
                "median": 70.0,
                "stdev": 39.507327768003,
                "range": 179.0
            }
        },
        "Code Quality": {
            "comment_density_percent": {
                "min": 1.4423076923076923,
                "max": 20.754716981132077,
                "mean": 9.417374849433676,
                "median": 8.367065098338017,
                "stdev": 4.480235105804802,
                "range": 19.312409288824384
            },
            "syntax_valid": {
                "min": 0.0,
                "max": 1.0,
                "mean": 0.95,
                "median": 1.0,
                "stdev": 0.22360679774997896,
                "range": 1.0
            },
            "flake8_error_count": {
                "min": 1,
                "max": 110,
                "mean": 35.9,
                "median": 36.5,
                "stdev": 23.610657718385077,
                "range": 109
            },
            "mypy_error_count": {
                "min": 0,
                "max": 12,
                "mean": 3.1,
                "median": 1.0,
                "stdev": 3.9323222012872803,
                "range": 12
            },
            "semantic_quality_score": {
                "min": 48.5,
                "max": 99.5,
                "mean": 79.35,
                "median": 80.75,
                "stdev": 10.344207634176113,
                "range": 51.0
            }
        },
        "Execution": {
            "execution_success": {
                "min": 0.0,
                "max": 1.0,
                "mean": 0.55,
                "median": 1.0,
                "stdev": 0.5104177855340404,
                "range": 1.0
            },
            "execution_time_sec": {
                "min": 0.643,
                "max": 3.75,
                "mean": 1.4892,
                "median": 1.491,
                "stdev": 0.7021220916471347,
                "range": 3.107
            }
        },
        "Overall": {
            "total_credibility": {
                "min": 0.0,
                "max": 92.655,
                "mean": 60.59715,
                "median": 71.0535,
                "stdev": 23.186526124306717,
                "range": 92.655
            }
        }
    },
    "best_run": {
        "run_number": 20,
        "credibility": 92.655,
        "timestamp": "2025-10-12 20:16:24",
        "quality_score": 99.5,
        "syntax_valid": true,
        "execution_success": true
    },
    "worst_run": {
        "run_number": 14,
        "credibility": 0.0,
        "timestamp": "2025-10-12 20:07:12",
        "quality_score": 48.5,
        "syntax_valid": false,
        "execution_success": false
    },
    "outliers": [
        {
            "run": 14,
            "credibility": 0.0,