{
    "model": "llama",
    "prompt_variant": "zero-shot",
    "embedding_model": "all-MiniLM-L6-v2",
    "scores": {
        "original_vs_iter1": 0.8263776302337646,
        "original_vs_iter2": 0.8157440423965454,
        "iter1_vs_iter2": 0.9780710339546204
    },
    "counts": {
        "original": 98,
        "iter1": 11,
        "iter2": 11
    }
}