{
    "model": "gpt-4o-mini",
    "prompt_variant": "zero-shot",
    "embedding_model": "all-MiniLM-L6-v2",
    "scores": {
        "original_vs_iter1": 0.8241841793060303,
        "original_vs_iter2": 0.8159840106964111,
        "iter1_vs_iter2": 0.9777712225914001
    },
    "counts": {
        "original": 98,
        "iter1": 22,
        "iter2": 22
    }
}