{
    "total_runs_analyzed": 20,
    "average_score_mean": 0.8509377062320709,
    "median_score": 0.8453419208526611,
    "standard_deviation": 0.057376949190802086,
    "minimum_score": {
        "value": 0.745133638381958,
        "run_number": 4
    },
    "maximum_score": {
        "value": 0.9398594498634338,
        "run_number": 2
    },
    "all_scores": [
        0.748245120048523,
        0.9398594498634338,
        0.9135238528251648,
        0.745133638381958,
        0.8385388851165771,
        0.8265652060508728,
        0.8141843676567078,
        0.8870611190795898,
        0.8762627840042114,
        0.9035718441009521,
        0.8085955381393433,
        0.8180760145187378,
        0.8895605206489563,
        0.8521449565887451,
        0.918350875377655,
        0.9044442772865295,
        0.9218844175338745,
        0.830346405506134,
        0.7678006887435913,
        0.8146041631698608
    ]
}