{
    "total_runs_analyzed": 20,
    "average_score_mean": 0.8444716781377792,
    "median_score": 0.8406143486499786,
    "standard_deviation": 0.03517667519416683,
    "minimum_score": {
        "value": 0.7887803316116333,
        "run_number": 11
    },
    "maximum_score": {
        "value": 0.9177954792976379,
        "run_number": 14
    },
    "all_scores": [
        0.8250116109848022,
        0.8439164757728577,
        0.8721826076507568,
        0.8511291146278381,
        0.8352015018463135,
        0.8998199701309204,
        0.8373122215270996,
        0.8182903528213501,
        0.8188281655311584,
        0.8528252840042114,
        0.7887803316116333,
        0.8494362831115723,
        0.8747051954269409,
        0.9177954792976379,
        0.8282608985900879,
        0.8048447370529175,
        0.7947118282318115,
        0.8883306384086609,
        0.8846058249473572,
        0.803445041179657
    ]
}