{
    "model": "gpt-4o-mini",
    "prompt_variant": "zero-shot",
    "embedding_model": "all-MiniLM-L6-v2",
    "scores": {
        "original_vs_iter1": 0.7550526261329651,
        "original_vs_iter2": 0.7236595153808594,
        "iter1_vs_iter2": 0.9575241804122925
    },
    "counts": {
        "original": 98,
        "iter1": 13,
        "iter2": 13
    }
}