{
    "model": "deepseek",
    "prompt_variant": "zero-shot",
    "embedding_model": "all-MiniLM-L6-v2",
    "scores": {
        "original_vs_iter1": 0.7371735572814941,
        "original_vs_iter2": 0.6124827861785889,
        "iter1_vs_iter2": 0.9203925728797913
    },
    "counts": {
        "original": 98,
        "iter1": 16,
        "iter2": 15
    }
}