{
    "model": "llama",
    "prompt_variant": "zero-shot",
    "embedding_model": "all-MiniLM-L6-v2",
    "scores": {
        "original_vs_iter1": 0.8277133703231812,
        "original_vs_iter2": 0.8277133703231812,
        "iter1_vs_iter2": 0.9999999403953552
    },
    "counts": {
        "original": 98,
        "iter1": 38,
        "iter2": 38
    }
}