{
    "model": "llama",
    "prompt_variant": "zero-shot",
    "embedding_model": "all-MiniLM-L6-v2",
    "scores": {
        "original_vs_iter1": 0.8546892404556274,
        "original_vs_iter2": 0.8476086854934692,
        "iter1_vs_iter2": 0.9953087568283081
    },
    "counts": {
        "original": 98,
        "iter1": 82,
        "iter2": 71
    }
}