{
    "model": "deepseek",
    "prompt_variant": "zero-shot",
    "embedding_model": "all-MiniLM-L6-v2",
    "scores": {
        "original_vs_iter1": 0.7407853603363037,
        "original_vs_iter2": 0.8233599662780762,
        "iter1_vs_iter2": 0.8959785103797913
    },
    "counts": {
        "original": 98,
        "iter1": 12,
        "iter2": 12
    }
}