{
    "total_runs_analyzed": 20,
    "average_score_mean": 0.7656311094760895,
    "median_score": 0.774104505777359,
    "standard_deviation": 0.07709252337573627,
    "minimum_score": {
        "value": 0.5848367810249329,
        "run_number": 17
    },
    "maximum_score": {
        "value": 0.9129352569580078,
        "run_number": 10
    },
    "all_scores": [
        0.7822069525718689,
        0.8509308099746704,
        0.8147452473640442,
        0.772907018661499,
        0.8672617673873901,
        0.760773777961731,
        0.8023010492324829,
        0.8163139820098877,
        0.6989995241165161,
        0.9129352569580078,
        0.8549947738647461,
        0.7936381101608276,
        0.6595613956451416,
        0.7322167158126831,
        0.7011489868164062,
        0.6887523531913757,
        0.5848367810249329,
        0.7048754692077637,
        0.7379202246665955,
        0.775301992893219
    ]
}