{
    "model": "gpt-4o-mini",
    "prompt_variant": "zero-shot",
    "embedding_model": "all-MiniLM-L6-v2",
    "scores": {
        "original_vs_iter1": 0.7026523351669312,
        "original_vs_iter2": 0.6531725525856018,
        "iter1_vs_iter2": 0.9607363939285278
    },
    "counts": {
        "original": 98,
        "iter1": 11,
        "iter2": 10
    }
}