{
    "model": "llama",
    "prompt_variant": "zero-shot",
    "embedding_model": "all-MiniLM-L6-v2",
    "scores": {
        "original_vs_iter1": 0.870617151260376,
        "original_vs_iter2": 0.8636740446090698,
        "iter1_vs_iter2": 0.9792487621307373
    },
    "counts": {
        "original": 98,
        "iter1": 28,
        "iter2": 28
    }
}