{
    "model": "llama",
    "prompt_variant": "zero-shot",
    "embedding_model": "all-MiniLM-L6-v2",
    "scores": {
        "original_vs_iter1": 0.8324408531188965,
        "original_vs_iter2": 0.7103316783905029,
        "iter1_vs_iter2": 0.8488881587982178
    },
    "counts": {
        "original": 98,
        "iter1": 18,
        "iter2": 15
    }
}