{
    "total_runs_analyzed": 15,
    "average_score_mean": 0.9014653523763021,
    "median_score": 0.9070175886154175,
    "standard_deviation": 0.04476398492839891,
    "minimum_score": {
        "value": 0.7912402153015137,
        "run_number": 14
    },
    "maximum_score": {
        "value": 0.9994853734970093,
        "run_number": 7
    },
    "all_scores": [
        0.8954174518585205,
        0.9305964708328247,
        0.9230231046676636,
        0.9400073885917664,
        0.8421353101730347,
        0.9074681997299194,
        0.9994853734970093,
        0.8926259875297546,
        0.8790487051010132,
        0.9054980278015137,
        0.8755114078521729,
        0.9070175886154175,
        0.9253302812576294,
        0.7912402153015137,
        0.9075747728347778
    ]
}