{
    "total_runs_analyzed": 20,
    "average_score_mean": 0.7941202729940414,
    "median_score": 0.7942812442779541,
    "standard_deviation": 0.05059185107777455,
    "minimum_score": {
        "value": 0.6719317436218262,
        "run_number": 9
    },
    "maximum_score": {
        "value": 0.8745336532592773,
        "run_number": 10
    },
    "all_scores": [
        0.8005570769309998,
        0.7668879628181458,
        0.7183396816253662,
        0.8478305339813232,
        0.7670491933822632,
        0.8433623909950256,
        0.8007962703704834,
        0.7479825615882874,
        0.6719317436218262,
        0.8745336532592773,
        0.8317111134529114,
        0.7880054116249084,
        0.7552971243858337,
        0.8460206985473633,
        0.8205884099006653,
        0.7819840908050537,
        0.7515003681182861,
        0.8457490801811218,
        0.8529270887374878,
        0.7693510055541992
    ]
}