{
    "total_models": 8,
    "overall_winner": "gpt-4o-mini_clusters",
    "models_metrics": {
        "deepseek": {
            "total_runs": 20,
            "best_run_credibility": 85.547,
            "worst_run_credibility": 33.687,
            "mean_credibility": 64.0023,
            "median_credibility": 75.797,
            "credibility_stability": 18.80912242027928,
            "mean_perplexity": 1.1530082750893016,
            "mean_avg_prob": 0.8679565719913442,
            "mean_tokens": 1865.05,
            "mean_functions": 19.5,
            "mean_classes": 6.55,
            "mean_lines": 232.15,
            "mean_ast_depth": 12.4,
            "mean_cyclomatic": 1.795145867139236,
            "max_cyclomatic": 4.2,
            "mean_function_size": 8.473562545098298,
            "mean_quality_score": 81.425,
            "syntax_valid_rate": 100.0,
            "execution_success_rate": 60.0,
            "mean_flake8_errors": 32.85,
            "mean_comment_density": 10.910197680968443
        },
        "deepseek_clusters": {
            "total_runs": 20,
            "best_run_credibility": 92.655,
            "worst_run_credibility": 0.0,
            "mean_credibility": 60.59715,
            "median_credibility": 71.0535,
            "credibility_stability": 23.186526124306717,
            "mean_perplexity": 1.1687491792760802,
            "mean_avg_prob": 0.8559939024755454,
            "mean_tokens": 2125.35,
            "mean_functions": 26.5,
            "mean_classes": 14.45,
            "mean_lines": 262.3,
            "mean_ast_depth": 11.6,
            "mean_cyclomatic": 1.8987969312760888,
            "max_cyclomatic": 4.5,
            "mean_function_size": 6.573002221927558,
            "mean_quality_score": 79.35,
            "syntax_valid_rate": 95.0,
            "execution_success_rate": 55.00000000000001,
            "mean_flake8_errors": 35.9,
            "mean_comment_density": 9.417374849433676
        },
        "gpt-4o-mini": {
            "total_runs": 20,
            "best_run_credibility": 88.092,
            "worst_run_credibility": 0.0,
            "mean_credibility": 77.06475,
            "median_credibility": 84.4345,
            "credibility_stability": 20.77094869200224,
            "mean_perplexity": 1.3975687934753058,
            "mean_avg_prob": 0.7181243116957576,
            "mean_tokens": 967.05,
            "mean_functions": 17.35,
            "mean_classes": 6.2,
            "mean_lines": 132.9,
            "mean_ast_depth": 10.2,
            "mean_cyclomatic": 1.5852502210231227,
            "max_cyclomatic": 3.4,
            "mean_function_size": 3.5695988227079054,
            "mean_quality_score": 90.75,
            "syntax_valid_rate": 95.0,
            "execution_success_rate": 85.0,
            "mean_flake8_errors": 12.6,
            "mean_comment_density": 10.421594987314108
        },
        "gpt-4o-mini_clusters": {
            "total_runs": 20,
            "best_run_credibility": 90.444,
            "worst_run_credibility": 53.163,
            "mean_credibility": 83.46955,
            "median_credibility": 86.46000000000001,
            "credibility_stability": 10.120680331172874,
            "mean_perplexity": 1.41382147621832,
            "mean_avg_prob": 0.7107447331541941,
            "mean_tokens": 879.6,
            "mean_functions": 20.1,
            "mean_classes": 4.35,
            "mean_lines": 118.65,
            "mean_ast_depth": 10.9,
            "mean_cyclomatic": 1.514234012849924,
            "max_cyclomatic": 3.3,
            "mean_function_size": 3.8089418604271548,
            "mean_quality_score": 94.45,
            "syntax_valid_rate": 100.0,
            "execution_success_rate": 90.0,
            "mean_flake8_errors": 10.1,
            "mean_comment_density": 9.895288370321182
        },
        "grok-4-fast": {
            "total_runs": 20,
            "best_run_credibility": 56.169,
            "worst_run_credibility": 0.0,
            "mean_credibility": 26.2453,
            "median_credibility": 41.888,
            "credibility_stability": 24.658403632326582,
            "mean_perplexity": 1.107153472184139,
            "mean_avg_prob": 0.9036596418037371,
            "mean_tokens": 8436.25,
            "mean_functions": 50.9,
            "mean_classes": 3.1,
            "mean_lines": 783.35,
            "mean_ast_depth": 7.4,
            "mean_cyclomatic": 0.9955505876431792,
            "max_cyclomatic": 6.35,
            "mean_function_size": 3.6626929339590597,
            "mean_quality_score": 66.5,
            "syntax_valid_rate": 55.00000000000001,
            "execution_success_rate": 0.0,
            "mean_flake8_errors": 25.7,
            "mean_comment_density": 10.072084940066564
        },
        "grok-4-fast_clusters": {
            "total_runs": 15,
            "best_run_credibility": 55.852,
            "worst_run_credibility": 0.0,
            "mean_credibility": 38.787733333333335,
            "median_credibility": 47.104,
            "credibility_stability": 20.567497960432156,
            "mean_perplexity": 1.1176274743106016,
            "mean_avg_prob": 0.8951308263219148,
            "mean_tokens": 7862.333333333333,
            "mean_functions": 63.6,
            "mean_classes": 4.6,
            "mean_lines": 745.9333333333333,
            "mean_ast_depth": 11.133333333333333,
            "mean_cyclomatic": 1.6165971264035623,
            "max_cyclomatic": 10.0,
            "mean_function_size": 6.750350175271173,
            "mean_quality_score": 76.66666666666667,
            "syntax_valid_rate": 80.0,
            "execution_success_rate": 0.0,
            "mean_flake8_errors": 25.4,
            "mean_comment_density": 9.255353514913738
        },
        "qwen3": {
            "total_runs": 20,
            "best_run_credibility": 85.834,
            "worst_run_credibility": 0.0,
            "mean_credibility": 68.26595,
            "median_credibility": 72.1455,
            "credibility_stability": 19.064407634937222,
            "mean_perplexity": 1.3745842230726508,
            "mean_avg_prob": 0.7321662405108207,
            "mean_tokens": 3321.45,
            "mean_functions": 39.7,
            "mean_classes": 9,
            "mean_lines": 409.05,
            "mean_ast_depth": 11.65,
            "mean_cyclomatic": 1.7683668747245964,
            "max_cyclomatic": 4.5,
            "mean_function_size": 8.58664344162656,
            "mean_quality_score": 79.725,
            "syntax_valid_rate": 95.0,
            "execution_success_rate": 90.0,
            "mean_flake8_errors": 47.15,
            "mean_comment_density": 7.818573955631929
        },
        "qwen3_clusters": {
            "total_runs": 20,
            "best_run_credibility": 78.881,
            "worst_run_credibility": 43.727,
            "mean_credibility": 69.0385,
            "median_credibility": 71.2365,
            "credibility_stability": 8.246181754382802,
            "mean_perplexity": 1.3709268339277243,
            "mean_avg_prob": 0.7322250305195253,
            "mean_tokens": 4080.5,
            "mean_functions": 53.6,
            "mean_classes": 5.4,
            "mean_lines": 533.85,
            "mean_ast_depth": 11.8,
            "mean_cyclomatic": 1.723490456023758,
            "max_cyclomatic": 4.8,
            "mean_function_size": 10.901202069945883,
            "mean_quality_score": 79.075,
            "syntax_valid_rate": 100.0,
            "execution_success_rate": 90.0,
            "mean_flake8_errors": 83,
            "mean_comment_density": 5.354817638754122
        }
    },