{
    "total_runs_analyzed": 20,
    "average_score_mean": 0.8459110498428345,
    "median_score": 0.8617927432060242,
    "standard_deviation": 0.06998563015938619,
    "minimum_score": {
        "value": 0.6264341473579407,
        "run_number": 5
    },
    "maximum_score": {
        "value": 0.9466854929924011,
        "run_number": 15
    },
    "all_scores": [
        0.8292409777641296,
        0.8752149343490601,
        0.8612565398216248,
        0.845180869102478,
        0.6264341473579407,
        0.8609973788261414,
        0.8553692102432251,
        0.91629958152771,
        0.8890143036842346,
        0.869446337223053,
        0.8670734763145447,
        0.8142551183700562,
        0.7221492528915405,
        0.8929824829101562,
        0.9466854929924011,
        0.8817226886749268,
        0.8623289465904236,
        0.800244152545929,
        0.7883021831512451,
        0.9140229225158691
    ]
}