{
    "model": "llama",
    "prompt_variant": "zero-shot",
    "embedding_model": "all-MiniLM-L6-v2",
    "scores": {
        "original_vs_iter1": 0.7696065902709961,
        "original_vs_iter2": 0.6611853837966919,
        "iter1_vs_iter2": 0.8300672769546509
    },
    "counts": {
        "original": 98,
        "iter1": 15,
        "iter2": 14
    }
}