{
    "model": "gpt-4o-mini",
    "prompt_variant": "zero-shot",
    "embedding_model": "all-MiniLM-L6-v2",
    "scores": {
        "original_vs_iter1": 0.6998898983001709,
        "original_vs_iter2": 0.4804731011390686,
        "iter1_vs_iter2": 0.7162225842475891
    },
    "counts": {
        "original": 98,
        "iter1": 8,
        "iter2": 13
    }
}