{
    "model": "deepseek",
    "prompt_variant": "zero-shot",
    "embedding_model": "all-MiniLM-L6-v2",
    "scores": {
        "original_vs_iter1": 0.8190914392471313,
        "original_vs_iter2": 0.6840041875839233,
        "iter1_vs_iter2": 0.8578038811683655
    },
    "counts": {
        "original": 98,
        "iter1": 18,
        "iter2": 17
    }
}