{
    "model": "deepseek/deepseek-chat-v3-0324",
    "total_runs": 20,
    "statistics": {
        "LLM Confidence": {
            "total_tokens": {
                "min": 1398,
                "max": 3029,
                "mean": 1865.05,
                "median": 1725.5,
                "stdev": 437.6257082557145,
                "range": 1631
            },
            "avg_prob": {
                "min": 0.8022846698469805,
                "max": 0.9107761645078365,
                "mean": 0.8679565719913442,
                "median": 0.8683420515152143,
                "stdev": 0.024324118827680936,
                "range": 0.10849149466085595
            },
            "perplexity": {
                "min": 1.0979646141051331,
                "max": 1.2464403690908485,
                "mean": 1.1530082750893016,
                "median": 1.1516200446106613,
                "stdev": 0.032971227900234684,
                "range": 0.1484757549857154
            },
            "total_logprob": {
                "min": -405.8057268108022,
                "max": -174.11246820227305,
                "mean": -260.8626028199467,
                "median": -263.9350024254594,
                "stdev": 62.29742837277306,
                "range": 231.69325860852913
            }
        },
        "Code Structure": {
            "token_count": {
                "min": 1398,
                "max": 3029,
                "mean": 1865.05,
                "median": 1725.5,
                "stdev": 437.6257082557145,
                "range": 1631
            },
            "function_count": {
                "min": 11,
                "max": 34,
                "mean": 19.5,
                "median": 17.5,
                "stdev": 6.091408963277276,
                "range": 23
            },
            "class_count": {
                "min": 3,
                "max": 11,
                "mean": 6.55,
                "median": 6.0,
                "stdev": 2.8372521918222215,
                "range": 8
            },
            "num_lines": {
                "min": 160,
                "max": 383,
                "mean": 232.15,
                "median": 211.0,
                "stdev": 57.82120809238733,
                "range": 223
            },
            "num_nonempty_lines": {
                "min": 137,
                "max": 337,
                "mean": 197.15,
                "median": 175.0,
                "stdev": 51.95167288730435,
                "range": 200
            },
            "avg_line_len_nonempty_chars": {
                "min": 34.30103806228374,
                "max": 44.18055555555556,
                "mean": 39.855302368932755,
                "median": 40.07897691827823,
                "stdev": 2.7917309650611015,
                "range": 9.87951749327182
            },
            "avg_tokens_per_nonempty_line": {
                "min": 2.811926605504587,
                "max": 4.273809523809524,
                "mean": 3.582725415113323,
                "median": 3.551139240506329,
                "stdev": 0.37775290118412586,
                "range": 1.4618829183049367
            },
            "ast_depth": {
                "min": 9,
                "max": 17,
                "mean": 12.4,
                "median": 12.5,
                "stdev": 1.6982963599783725,
                "range": 8
            }
        },
        "Imports & Dependencies": {
            "import_count": {
                "min": 4,
                "max": 17,
                "mean": 7.15,
                "median": 6.0,
                "stdev": 3.631369177770715,
                "range": 13
            },
            "import_redundancy_ratio": {
                "min": 0.0,
                "max": 0.35294117647058826,
                "mean": 0.07711675579322638,
                "median": 0.0,
                "stdev": 0.12756307532125832,
                "range": 0.35294117647058826
            }
        },
        "Code Complexity": {
            "avg_function_size_lines": {
                "min": 3.8823529411764706,
                "max": 18.214285714285715,
                "mean": 8.473562545098298,
                "median": 6.893939393939394,
                "stdev": 4.227700916599261,
                "range": 14.331932773109244
            },
            "avg_cyclomatic_complexity": {
                "min": 1.1,
                "max": 2.6,
                "mean": 1.795145867139236,
                "median": 1.76,
                "stdev": 0.3790051699049657,
                "range": 1.5
            },
            "max_cyclomatic_complexity": {
                "min": 2,
                "max": 7,
                "mean": 4.2,
                "median": 4.0,
                "stdev": 1.4363696929192158,
                "range": 5
            },
            "module_cyclomatic_complexity": {
                "min": 22,
                "max": 73,
                "mean": 42.45,
                "median": 40.5,
                "stdev": 13.319850639276387,
                "range": 51
            }
        },
        "Code Quality": {
            "comment_density_percent": {
                "min": 3.255813953488372,
                "max": 22.988505747126435,
                "mean": 10.910197680968443,
                "median": 11.326530612244898,
                "stdev": 4.911270567378079,
                "range": 19.732691793638065
            },
            "syntax_valid": {
                "min": 1.0,
                "max": 1.0,
                "mean": 1.0,
                "median": 1.0,
                "stdev": 0.0,
                "range": 0.0
            },
            "flake8_error_count": {
                "min": 10,
                "max": 63,
                "mean": 32.85,
                "median": 32.5,
                "stdev": 13.796548004559158,
                "range": 53
            },
            "mypy_error_count": {
                "min": 0,
                "max": 25,
                "mean": 3.8,
                "median": 1.0,
                "stdev": 6.653847323956743,
                "range": 25
            },
            "semantic_quality_score": {
                "min": 60.0,
                "max": 94.0,
                "mean": 81.425,
                "median": 81.0,
                "stdev": 9.18562234662066,
                "range": 34.0
            }
        },
        "Execution": {
            "execution_success": {
                "min": 0.0,
                "max": 1.0,
                "mean": 0.55,
                "median": 1.0,
                "stdev": 0.5104177855340404,
                "range": 1.0
            },
            "execution_time_sec": {
                "min": 0.568,
                "max": 5,
                "mean": 1.19825,
                "median": 1.005,
                "stdev": 0.9080609691448094,
                "range": 4.432
            }
        },
        "Overall": {
            "total_credibility": {
                "min": 33.687,
                "max": 87.522,
                "mean": 65.13445,
                "median": 78.57300000000001,
                "stdev": 20.577700629756833,
                "range": 53.83500000000001
            }
        }
    },
    "best_run": {
        "run_number": 18,
        "credibility": 87.522,
        "timestamp": "2025-10-12 12:21:44",
        "quality_score": 94.0,
        "syntax_valid": true,
        "execution_success": true
    },
    "worst_run": {
        "run_number": 12,
        "credibility": 33.687,
        "timestamp": "2025-10-12 12:12:17",
        "quality_score": 63.0,
        "syntax_valid": true,
        "execution_success": false
    },
    "outliers": [
        {
            "run": 12,