{
    "model": "gpt-4o-mini",
    "prompt_variant": "zero-shot",
    "embedding_model": "all-MiniLM-L6-v2",
    "scores": {
        "original_vs_iter1": 0.8253047466278076,
        "original_vs_iter2": 0.7689295411109924,
        "iter1_vs_iter2": 0.9366363883018494
    },
    "counts": {
        "original": 98,
        "iter1": 16,
        "iter2": 15
    }
}