{
    "model": "deepseek",
    "prompt_variant": "zero-shot",
    "embedding_model": "all-MiniLM-L6-v2",
    "scores": {
        "original_vs_iter1": 0.8206171989440918,
        "original_vs_iter2": 0.6737533807754517,
        "iter1_vs_iter2": 0.7803716659545898
    },
    "counts": {
        "original": 98,
        "iter1": 16,
        "iter2": 22
    }
}