{
    "model": "x-ai/grok-4-fast",
    "total_runs": 15,
    "statistics": {
        "LLM Confidence": {
            "total_tokens": {
                "min": 4474,
                "max": 9521,
                "mean": 7862.333333333333,
                "median": 7882,
                "stdev": 1135.0568687242483,
                "range": 5047
            },
            "avg_prob": {
                "min": 0.8574648482387709,
                "max": 0.9363549547206789,
                "mean": 0.8951308263219148,
                "median": 0.8981433590135591,
                "stdev": 0.01900103497946828,
                "range": 0.07889010648190797
            },
            "perplexity": {
                "min": 1.0679710669105253,
                "max": 1.166228565583762,
                "mean": 1.1176274743106016,
                "median": 1.1134079988057932,
                "stdev": 0.023854153464295553,
                "range": 0.09825749867323674
            },
            "total_logprob": {
                "min": -1299.4703599323345,
                "max": -626.107141635784,
                "mean": -858.5368232885155,
                "median": -826.2558244572003,
                "stdev": 154.02465886245753,
                "range": 673.3632182965505
            }
        },
        "Code Structure": {
            "token_count": {
                "min": 4474,
                "max": 9521,
                "mean": 7862.333333333333,
                "median": 7882,
                "stdev": 1135.0568687242483,
                "range": 5047
            },
            "function_count": {
                "min": 0,
                "max": 106,
                "mean": 63.6,
                "median": 71,
                "stdev": 37.89798336134975,
                "range": 106
            },
            "class_count": {
                "min": 0,
                "max": 12,
                "mean": 4.6,
                "median": 4,
                "stdev": 4.049691346263318,
                "range": 12
            },
            "num_lines": {
                "min": 401,
                "max": 861,
                "mean": 745.9333333333333,
                "median": 779,
                "stdev": 111.55489786690335,
                "range": 460
            },
            "num_nonempty_lines": {
                "min": 340,
                "max": 764,
                "mean": 643.8,
                "median": 670,
                "stdev": 102.3406077761902,
                "range": 424
            },
            "avg_line_len_nonempty_chars": {
                "min": 43.80497382198953,
                "max": 60.25937031484258,
                "mean": 50.066180213624136,
                "median": 49.41897810218978,
                "stdev": 4.554499080811061,
                "range": 16.45439649285305
            },
            "avg_tokens_per_nonempty_line": {
                "min": 3.6661654135338346,
                "max": 6.547226386806597,
                "mean": 4.550778384764906,
                "median": 4.496296296296296,
                "stdev": 0.6637105871059208,
                "range": 2.881060973272762
            },
            "ast_depth": {
                "min": 0,
                "max": 15,
                "mean": 11.133333333333333,
                "median": 14,
                "stdev": 5.780097214539199,
                "range": 15
            }
        },
        "Imports & Dependencies": {
            "import_count": {
                "min": 0,
                "max": 14,
                "mean": 8.866666666666667,
                "median": 10,
                "stdev": 4.983783225431784,
                "range": 14
            },
            "import_redundancy_ratio": {
                "min": 0.0,
                "max": 0.21428571428571427,
                "mean": 0.02967032967032967,
                "median": 0.0,
                "stdev": 0.06670791301440082,
                "range": 0.21428571428571427
            }
        },
        "Code Complexity": {
            "avg_function_size_lines": {
                "min": 0.0,
                "max": 14.24,
                "mean": 6.750350175271173,
                "median": 6.319587628865979,
                "stdev": 4.41712360339074,
                "range": 14.24
            },
            "avg_cyclomatic_complexity": {
                "min": 0.0,
                "max": 2.709090909090909,
                "mean": 1.6165971264035623,
                "median": 1.7314814814814814,
                "stdev": 0.9146910551267403,
                "range": 2.709090909090909
            },
            "max_cyclomatic_complexity": {
                "min": 0.0,
                "max": 27,
                "mean": 10.0,
                "median": 6,
                "stdev": 9.34268239242426,
                "range": 27.0
            },
            "module_cyclomatic_complexity": {
                "min": 0.0,
                "max": 187,
                "mean": 128.46666666666667,
                "median": 159,
                "stdev": 68.30171161489153,
                "range": 187.0
            }
        },
        "Code Quality": {
            "comment_density_percent": {
                "min": 3.481012658227848,
                "max": 22.041420118343193,
                "mean": 9.255353514913738,
                "median": 6.966618287373004,
                "stdev": 6.162769191925593,
                "range": 18.560407460115346
            },
            "syntax_valid": {
                "min": 0.0,
                "max": 1.0,
                "mean": 0.8,
                "median": 1.0,
                "stdev": 0.4140393356054125,
                "range": 1.0
            },
            "flake8_error_count": {
                "min": 1,
                "max": 107,
                "mean": 25.4,
                "median": 18,
                "stdev": 30.38514674733599,
                "range": 106
            },
            "mypy_error_count": {
                "min": 1,
                "max": 9,
                "mean": 4.466666666666667,
                "median": 4,
                "stdev": 2.8502297317601477,
                "range": 8
            },
            "semantic_quality_score": {
                "min": 48.5,
                "max": 93.5,
                "mean": 76.66666666666667,
                "median": 82.0,
                "stdev": 15.866256497299394,
                "range": 45.0
            }
        },
        "Execution": {
            "execution_success": {
                "min": 0.0,
                "max": 0.0,
                "mean": 0.0,
                "median": 0.0,
                "stdev": 0.0,
                "range": 0.0
            },
            "execution_time_sec": {
                "min": 0.713,
                "max": 2.401,
                "mean": 1.6663999999999999,
                "median": 1.883,
                "stdev": 0.6036795270907995,
                "range": 1.6879999999999997
            }
        },
        "Overall": {
            "total_credibility": {
                "min": 0.0,
                "max": 55.852,
                "mean": 38.787733333333335,
                "median": 47.104,
                "stdev": 20.567497960432156,
                "range": 55.852
            }
        }
    },
    "best_run": {
        "run_number": 2,
        "credibility": 55.852,
        "timestamp": "2025-10-12 20:37:50",
        "quality_score": 93.5,
        "syntax_valid": true,
        "execution_success": false
    },
    "worst_run": {
        "run_number": 10,
        "credibility": 0.0,
        "timestamp": "2025-10-12 21:06:37",
        "quality_score": 48.5,
        "syntax_valid": false,
        "execution_success": false
    },