{
    "total_runs_analyzed": 20,
    "average_score_mean": 0.757240143418312,
    "median_score": 0.7853498458862305,
    "standard_deviation": 0.06951530381466098,
    "minimum_score": {
        "value": 0.5640437006950378,
        "run_number": 5
    },
    "maximum_score": {
        "value": 0.8336979150772095,
        "run_number": 11
    },
    "all_scores": [
        0.7842080593109131,
        0.7214145660400391,
        0.703179657459259,
        0.8110311031341553,
        0.5640437006950378,
        0.7991705536842346,
        0.7864916324615479,
        0.7547508478164673,
        0.6661456823348999,
        0.8063504099845886,
        0.8336979150772095,
        0.7289336323738098,
        0.8269904851913452,
        0.8239346742630005,
        0.6865366697311401,
        0.6605843305587769,
        0.8236199021339417,
        0.8005393743515015,
        0.7956851720809937,
        0.7674944996833801
    ]
}