{
    "total_runs_analyzed": 20,
    "average_score_mean": 0.9620583117008209,
    "median_score": 0.9730314314365387,
    "standard_deviation": 0.03686273366820154,
    "minimum_score": {
        "value": 0.8430890440940857,
        "run_number": 13
    },
    "maximum_score": {
        "value": 0.9994854927062988,
        "run_number": 4
    },
    "all_scores": [
        0.9268129467964172,
        0.9736347198486328,
        0.9642363786697388,
        0.9994854927062988,
        0.958329975605011,
        0.9671316742897034,
        0.9812071323394775,
        0.9993517398834229,
        0.9911038875579834,
        0.9994063377380371,
        0.9694416522979736,
        0.9768637418746948,
        0.8430890440940857,
        0.930145800113678,
        0.9724281430244446,
        0.9083170890808105,
        0.9934173822402954,
        0.9373140335083008,
        0.9737758636474609,
        0.9756731986999512
    ]
}