{
    "model": "deepseek",
    "prompt_variant": "zero-shot",
    "embedding_model": "all-MiniLM-L6-v2",
    "scores": {
        "original_vs_iter1": 0.8050041794776917,
        "original_vs_iter2": 0.7445160150527954,
        "iter1_vs_iter2": 0.9337326288223267
    },
    "counts": {
        "original": 98,
        "iter1": 18,
        "iter2": 18
    }
}