{
    "model": "gpt-4o-mini",
    "prompt_variant": "zero-shot",
    "embedding_model": "all-MiniLM-L6-v2",
    "scores": {
        "original_vs_iter1": 0.7141757011413574,
        "original_vs_iter2": 0.7212669849395752,
        "iter1_vs_iter2": 0.9372520446777344
    },
    "counts": {
        "original": 98,
        "iter1": 12,
        "iter2": 12
    }
}