{
    "model": "deepseek",
    "prompt_variant": "zero-shot",
    "embedding_model": "all-MiniLM-L6-v2",
    "scores": {
        "original_vs_iter1": 0.6711977124214172,
        "original_vs_iter2": 0.6455721855163574,
        "iter1_vs_iter2": 0.9274703860282898
    },
    "counts": {
        "original": 98,
        "iter1": 13,
        "iter2": 14
    }
}