{
    "model": "gpt-4o-mini",
    "prompt_variant": "zero-shot",
    "embedding_model": "all-MiniLM-L6-v2",
    "scores": {
        "original_vs_iter1": 0.7839008569717407,
        "original_vs_iter2": 0.7637614607810974,
        "iter1_vs_iter2": 0.8749181628227234
    },
    "counts": {
        "original": 98,
        "iter1": 15,
        "iter2": 14
    }
}