{
    "model": "llama",
    "prompt_variant": "zero-shot",
    "embedding_model": "all-MiniLM-L6-v2",
    "scores": {
        "original_vs_iter1": 0.8995779752731323,
        "original_vs_iter2": 0.8774500489234924,
        "iter1_vs_iter2": 0.9545280933380127
    },
    "counts": {
        "original": 98,
        "iter1": 74,
        "iter2": 76
    }
}