{
    "model": "llama",
    "prompt_variant": "zero-shot",
    "embedding_model": "all-MiniLM-L6-v2",
    "scores": {
        "original_vs_iter1": 0.8814783096313477,
        "original_vs_iter2": 0.8645111322402954,
        "iter1_vs_iter2": 0.9488889575004578
    },
    "counts": {
        "original": 98,
        "iter1": 20,
        "iter2": 20
    }
}