{
    "model": "llama",
    "prompt_variant": "zero-shot",
    "embedding_model": "all-MiniLM-L6-v2",
    "scores": {
        "original_vs_iter1": 0.8519147038459778,
        "original_vs_iter2": 0.8628755807876587,
        "iter1_vs_iter2": 0.9931858777999878
    },
    "counts": {
        "original": 98,
        "iter1": 52,
        "iter2": 52
    }
}